{"val_loss": [0.9321902163358183, 0.15654774607696628, 0.1685366637235038, 0.19987021876513225, 0.200999533032269, 0.19971876048060558, 0.2228756363393592, 0.20794809598500558, 0.22630479445130022, 0.2539114213819859, 0.2401109427464512, 0.2773876965850518, 0.24036675313598507, 0.23630986626432665, 0.25588427036846206, 0.2767374997764995, 0.21185446999710292, 0.1828339160340536, 0.14148288663490927, 0.10935886741466025], "val_acc": [0.8853046511663758, 0.9587813521798794, 0.9444444365398859, 0.9408602084310251, 0.944444438676253, 0.942652323553639, 0.9444444376080694, 0.9444444376080694, 0.9444444376080694, 0.9408602073628415, 0.9426523224854555, 0.9426523224854555, 0.9390680922402276, 0.933691749008753, 0.9408602073628415, 0.9301075166271578, 0.928315401504544, 0.9408602073628415, 0.9516128948939744, 0.9265232883046605], "loss": [0.47012900191909796, 0.1207287469736616, 0.04240550473201892, 0.020447048842432654, 0.019651301491213004, 0.019502981278211214, 0.019462980025234167, 0.019449775492950152, 0.019429334961295584, 0.01940959294965483, 0.01939418682887945, 0.019375389939880198, 0.01939646475284883, 0.019360270505181732, 0.019337777118829075, 0.01932802032900606, 0.019312752157830113, 0.08861727792070848, 0.05664910546430328, 0.03076850600732246], "acc": [0.9062998335291609, 0.9758771892512244, 0.9864433788987058, 0.9730861197675814, 0.9700956886702558, 0.967304619780758, 0.9661084474844225, 0.9655103612174257, 0.965510361692742, 0.9649122755445741, 0.9643141890399194, 0.9627192924705229, 0.9539473623370059, 0.9485645863855855, 0.9441786210455202, 0.9389952080149019, 0.9240430544295379, 0.9282296582985152, 0.9435805353489028, 0.9214513483420134]}