{"val_loss": [0.07525262888123295, 0.09049560756038438, 0.10192181961968809, 0.11774311177543882, 0.13252430582294966, 0.14294194800176369, 0.14661651485528793, 0.1478606194390356, 0.15423384809892993, 0.15763437008265688, 0.15918853684881445, 0.16080363101442643, 0.16246426047714121, 0.16449401002365044, 0.1654543109137937, 0.16925343634938184, 0.17042844577353045, 0.1718623950241329, 0.17291835871358388, 0.17520133374630392], "val_acc": [0.9820666098370703, 0.985482493697019, 0.9846285223757274, 0.9837745517670446, 0.9829205808020575, 0.9829205808020575, 0.9820666098370703, 0.9820666098370703, 0.9820666098370703, 0.9820666098370703, 0.9820666098370703, 0.9820666098370703, 0.9820666098370703, 0.9820666098370703, 0.9812126392283875, 0.9812126392283875, 0.9812126392283875, 0.9812126392283875, 0.9812126392283875, 0.9820666098370703], "loss": [0.19415802718737188, 0.03270084961349888, 0.007082839810392639, 0.0021847809310062217, 0.0008376107376747707, 0.000560086495645989, 0.00032915644529406724, 0.0002714315964072779, 0.00017592819062067577, 0.0001758962346971219, 0.00010911368921729813, 9.256573233430102e-05, 8.080991643433436e-05, 6.348858302468822e-05, 5.876782322710767e-05, 4.8384104191647344e-05, 4.7220456569145126e-05, 3.303755658615066e-05, 3.0238657345829107e-05, 2.4355634794339276e-05], "acc": [0.9388278388278388, 0.9923076923076923, 0.9981684981684982, 1.0, 1.0, 1.0, 1.0, 1.0, 1.0, 1.0, 1.0, 1.0, 1.0, 1.0, 1.0, 1.0, 1.0, 1.0, 1.0, 1.0]}