{"val_loss": [0.29203460366170086, 0.1464050189487757, 0.07446141356489375, 0.060439578348963206, 0.06008913908169679, 0.0637723470486885, 0.06816512076971523, 0.06674667175327938, 0.07303187643582626, 0.08543730350441907, 0.07671167046514862, 0.0827752050260093, 0.0835582713042183, 0.08518174163286155, 0.08471309366643136, 0.08500518364335524, 0.08607198478605114, 0.08562255125517863, 0.08676171125557805, 0.08914424172868232], "val_acc": [0.8855678911498222, 0.9624252772860604, 0.9769427843016503, 0.9837745520215478, 0.9803586681615991, 0.9837745520215478, 0.9829205810565607, 0.984628522986535, 0.984628522986535, 0.9795046971966119, 0.9837745520215478, 0.9837745520215478, 0.9837745520215478, 0.9837745520215478, 0.9829205810565607, 0.9837745520215478, 0.9837745520215478, 0.9837745520215478, 0.9837745520215478, 0.9829205810565607], "loss": [0.4118350380506271, 0.24959621726920753, 0.07244963326624461, 0.029996134188612956, 0.020306567248339073, 0.011303350807682716, 0.0064419089509481255, 0.005841685429412868, 0.002991698516853454, 0.0035116825166739175, 0.003605787798938437, 0.0021206573015607674, 0.0021707851311145864, 0.0020978840923187537, 0.0016949334935613075, 0.0021024146278540395, 0.0018338827055188068, 0.001869919535892599, 0.0015410509277216156, 0.001909627816961795], "acc": [0.8597069596196268, 0.8842490842490842, 0.9791208791208791, 0.9926739926739927, 0.9952380952380953, 0.9963369963369964, 0.9985347985347985, 0.9981684981684982, 0.9996336996336996, 0.9992673992673993, 0.9992673992673993, 0.9996336996336996, 0.9996336996336996, 0.9996336996336996, 0.9996336996336996, 0.9996336996336996, 0.9996336996336996, 0.9996336996336996, 0.9996336996336996, 0.9996336996336996]}