{"val_loss": [0.35899224696660226, 0.24385175360867756, 0.17379841632205742, 0.06942841344386542, 0.05768263040159779, 0.05665864926356469, 0.05770888765514323, 0.06476126855327155, 0.06926495547736036, 0.06773006114957617, 0.07396234212313794, 0.07388935716518086, 0.08022715507405646, 0.07788046329345304, 0.07978404886343271, 0.0862175824559957, 0.08764709866194728, 0.09291336612916122, 0.09869658161871024, 0.10085776012601078], "val_acc": [0.8667805295637996, 0.8667805295637996, 0.9308283521923421, 0.9760888129803587, 0.982066609735269, 0.9795046968403074, 0.9846285226302306, 0.9803586678052946, 0.982066609735269, 0.9854824935952178, 0.9812126387702819, 0.9837745516652434, 0.9786507258753202, 0.9829205807002562, 0.9795046968403074, 0.9812126387702819, 0.9812126387702819, 0.9795046968403074, 0.9743808710503843, 0.9795046968403074], "val_binary_accuracy": [0.8667805295637996, 0.8667805295637996, 0.9308283521923421, 0.9760888129803587, 0.982066609735269, 0.9795046968403074, 0.9846285226302306, 0.9803586678052946, 0.982066609735269, 0.9854824935952178, 0.9812126387702819, 0.9837745516652434, 0.9786507258753202, 0.9829205807002562, 0.9795046968403074, 0.9812126387702819, 0.9812126387702819, 0.9795046968403074, 0.9743808710503843, 0.9795046968403074], "loss": [0.42314528720282807, 0.29647271646248113, 0.19678915659914087, 0.09482449562913114, 0.04096892896029866, 0.026782916585194976, 0.018772352419984647, 0.011446680801309946, 0.007393407022142135, 0.005472346159182626, 0.004476756220308731, 0.003784342685485371, 0.003002484555201837, 0.0029105742957437454, 0.0019859255534266686, 0.0031986135626509197, 0.0022579716001581845, 0.0020595111129915783, 0.00204644637020205, 0.002140391484668799], "acc": [0.8670329670329671, 0.8688644689081353, 0.9150183149309822, 0.9736263736263736, 0.9897435897435898, 0.9926739926739927, 0.9945054945054945, 0.9967032967032967, 0.9981684981684982, 0.9981684981684982, 0.9992673992673993, 0.9996336996336996, 0.9989010989010989, 0.9992673992673993, 0.9996336996336996, 0.9989010989010989, 0.9996336996336996, 0.9996336996336996, 0.9996336996336996, 0.9996336996336996], "binary_accuracy": [0.8670329670329671, 0.8688644689081353, 0.9150183149309822, 0.9736263736263736, 0.9897435897435898, 0.9926739926739927, 0.9945054945054945, 0.9967032967032967, 0.9981684981684982, 0.9981684981684982, 0.9992673992673993, 0.9996336996336996, 0.9989010989010989, 0.9992673992673993, 0.9996336996336996, 0.9989010989010989, 0.9996336996336996, 0.9996336996336996, 0.9996336996336996, 0.9996336996336996]}