{"val_loss": [0.2977823711530863, 0.20919151366215094, 0.10235933342313888, 0.08515676007909107, 0.07973772758835916, 0.09668236567513949, 0.09479173301400205, 0.10963338473294786, 0.1147744393792961, 0.12510210993030862, 0.13023017718970464, 0.12911638640992487, 0.13092627274128987, 0.13305364819987175, 0.13289749685791818, 0.13175607121075933, 0.13441103503877896, 0.13451096792104889, 0.13653642748227326, 0.13814928848296404], "val_acc": [0.8736122969273926, 0.9222886419316625, 0.9607173359668937, 0.9786507258753202, 0.9795046971966119, 0.9658411617568168, 0.9786507262316247, 0.977796754910333, 0.9666951327218041, 0.9658411614005123, 0.9769427839453458, 0.9769427839453458, 0.9752348420153715, 0.9760888129803587, 0.9752348420153715, 0.9701110162254484, 0.9675491033304867, 0.9666951323654995, 0.9786507258753202, 0.9786507258753202], "loss": [0.39634607284169493, 0.2402469638612244, 0.14214069518796255, 0.039841008031034617, 0.021845119327371564, 0.01287356369340649, 0.0062501505037749205, 0.005059925462724811, 0.0032951603536135877, 0.003009894087521748, 0.0022969027153461924, 0.002247378934855358, 0.0017780119274483205, 0.0017241815578284368, 0.003870243789870174, 0.0016000788208387618, 0.0019892158162225985, 0.0017825129458107947, 0.0015342318856187292, 0.00167962903273052], "acc": [0.8626373626373627, 0.8769230769230769, 0.9553113553113554, 0.9904761904761905, 0.9941391941391942, 0.995970695970696, 0.9985347985347985, 0.9989010989010989, 0.9996336996336996, 0.9992673992673993, 0.9996336996336996, 0.9996336996336996, 0.9996336996336996, 0.9996336996336996, 0.9992673992673993, 0.9996336996336996, 0.9996336996336996, 0.9996336996336996, 0.9992673992673993, 0.9996336996336996]}