{"val_loss": [0.2553668319415476, 2.2160660631121174, 2.2160660631121174, 2.2160660631121174, 2.2160660631121174, 2.2160660631121174, 2.2160660631121174, 2.2160660631121174, 2.2160660631121174, 0.1438814796742774, 0.11304455153233699, 0.08408500607396666, 0.1702150498370916, 0.11731904601585995, 0.12425152098252593, 0.15190707042715476, 0.139471133741714, 0.12586646837170512, 0.138358648986459, 0.16622420865202317], "val_acc": [0.8642186163125335, 0.8625106743825591, 0.8625106743825591, 0.8625106743825591, 0.8625106743825591, 0.8625106743825591, 0.8625106743825591, 0.8625106743825591, 0.8625106743825591, 0.9735269004417015, 0.9769427839453458, 0.986336464560205, 0.9829205807002562, 0.9829205807002562, 0.9846285226302306, 0.9829205807002562, 0.9837745516652434, 0.9854824935952178, 0.9854824935952178, 0.982066609735269], "loss": [0.5372538501635576, 2.582913065829993, 2.7949047434460987, 2.8588840020008575, 2.578256539309407, 2.852786906560262, 2.8242319697425478, 2.9115056422167207, 2.7831609811538307, 2.7169575981331833, 0.08135991726623296, 0.06992278446617363, 0.0369236197493179, 0.08044593966610375, 0.024536081587711533, 0.059857232592856656, 0.04779330843670682, 0.02501348937177628, 0.030530629588581874, 0.04368171795806933], "acc": [0.8611721611721612, 0.8271062271498935, 0.8260073259636596, 0.8219780220216883, 0.8395604395604396, 0.8223443222569895, 0.8241758242631569, 0.8186813186376523, 0.8267399267835931, 0.8010989010989011, 0.9827838827838827, 0.9857142857142858, 0.9926739926739927, 0.9923076923076923, 0.9948717948717949, 0.9945054945054945, 0.9945054944181617, 0.9952380952380953, 0.9967032967032967, 0.995970695970696]}