{"val_loss": [0.24654617049245736, 0.23337266483887512, 0.16373838782472092, 0.1373906758850803, 0.27382918282661567, 0.38893302239383487, 0.21612474054725359, 0.19504448053581847, 0.20477119433823268, 0.21963170057558412], "val_acc": [0.9461883333231836, 0.8636771215986243, 0.9183856422591102, 0.9022421443943486, 0.8735425923971852, 0.8807174798619052, 0.8780268973299206, 0.8825112017280853, 0.8834080623938898, 0.874439452528419], "loss": [0.35186402276037354, 0.12984291423266447, 0.09953373230031103, 0.08074419438923448, 0.09009197050181533, 0.07182052054347596, 0.06639334690408005, 0.06561215114522753, 0.06534050150051192, 0.06520003318935488], "acc": [0.9313747410978482, 0.9293563522466979, 0.8984077071550048, 0.8919040078297675, 0.8871944313039692, 0.88113926234441, 0.8721686404605274, 0.8735142336963244, 0.8773267484882216, 0.8771024821691648]}