{"val_loss": [0.23323235687495988, 0.17036125775214936, 0.13934566659972628, 0.13541206411926074, 0.12991561501792556, 0.13017221218458955, 0.12904505215839157, 0.6754313276330988, 0.5254774178856892, 0.5774738408833693, 0.5327558142393662, 0.5304153070587977, 0.5311444723808215, 0.5500834855310083, 0.5518849887763428, 0.5551015377445899, 0.6001359635584148, 0.5800025999269106, 0.6033158401851807, 0.5999283373288667], "val_acc": [0.9444444376080694, 0.9480286657169301, 0.9480286646487465, 0.9516128948939744, 0.93727597604943, 0.939068091172044, 0.9408602062946579, 0.9014336842789872, 0.90143368214262, 0.9086021415648922, 0.9086021415648922, 0.9086021415648922, 0.9086021415648922, 0.9086021415648922, 0.9086021415648922, 0.9086021415648922, 0.9068100264422783, 0.9086021415648922, 0.9086021415648922, 0.9050179123878479], "loss": [0.4833510521479589, 0.08468347498931161, 0.05208522412323787, 0.049286604636709544, 0.04503541803306987, 0.042054602337617646, 0.04199395381618542, 0.1272221494962472, 0.07183677391351335, 0.029704672652026965, 0.026277206494167944, 0.026138613267781878, 0.026081517084822637, 0.02604043187868111, 0.02601197164499244, 0.025979364714381052, 0.025960143982085643, 0.025928102233230697, 0.025898172277661464, 0.025837612896928805], "acc": [0.9037081262236387, 0.9846491197412284, 0.9870414644527283, 0.9828548610590672, 0.9752791025089115, 0.9700956886702558, 0.9679027056912676, 0.9467703291739336, 0.9483652248907317, 0.9364035002637708, 0.9356060533574894, 0.9336124337746196, 0.9332137085033946, 0.934210518235415, 0.934609243126387, 0.9348086049777279, 0.9332137088598818, 0.932416260147399, 0.9270334855506295, 0.926036674725382]}