{"val_loss": [0.07173847303392539, 0.0593436226236016, 0.07043002392495422, 0.07683696034805806, 0.0831531066352853, 0.08500029636311554, 0.08747824968930802, 0.08916773634046526, 0.08986343521196125, 0.09690950214387618, 0.09242731905092957, 0.09934368378635461, 0.09798370749818083, 0.10261043201928981, 0.10156610874832153, 0.09984090062352191, 0.10106017749331475, 0.09996730310366791, 0.10780914111845681, 0.10476322560759029], "val_acc": [0.9829205810565607, 0.9880444068464838, 0.9871904358814966, 0.9888983778114709, 0.9897523487764581, 0.9888983778114709, 0.9888983778114709, 0.9888983778114709, 0.9888983778114709, 0.9888983778114709, 0.9888983778114709, 0.9888983778114709, 0.9888983778114709, 0.9888983778114709, 0.9888983778114709, 0.9888983778114709, 0.9888983778114709, 0.9888983778114709, 0.9888983778114709, 0.9888983778114709], "loss": [0.21199594514952774, 0.04195489827731126, 0.0111386714946656, 0.004346652577661879, 0.002843737980818219, 0.002373304555445036, 0.002150047323004481, 0.0020565078020349124, 0.0018671105569726919, 0.0018318128026627437, 0.001813432764016071, 0.0015709284547898317, 0.0016043473770521867, 0.0014096685445084127, 0.0014074050520144611, 0.001608163606466412, 0.0013509146838746164, 0.0014863856057389644, 0.0014604866991449576, 0.0015512394957013485], "acc": [0.9311355311355312, 0.9897435897435898, 0.9974358974358974, 0.9989010989010989, 0.9996336996336996, 0.9996336996336996, 0.9996336996336996, 0.9996336996336996, 0.9996336996336996, 0.9996336996336996, 0.9996336996336996, 0.9996336996336996, 0.9996336996336996, 0.9996336996336996, 0.9996336996336996, 0.9996336996336996, 0.9996336996336996, 0.9996336996336996, 0.9996336996336996, 0.9996336996336996]}